S.No,Product_Name,Product_Status,Delivery_Date,Rate
2380247287,lPMQqewNFOoGpTADhraZKsxbdnVUSJjyLmBukzEfcWHRgXCvIiYt,False,2025-12-06 23:05:36.086826,0.3812521674519995
4221656543,CbdqjoRaApiIULZXTVvhwPzNgGnHxJMmlyWKctkfrSFQsDOBeuEY,True,2025-12-06 23:05:36.087206,0.9695054215603065
1079365016,ZDYdrnIfMPWcgHomQpwbxLXvuGERyFNJtOVUAehTKkBijsSalCqz,False,2025-12-06 23:05:36.087418,0.03940718814244493
3740148635,GdWiIlFzoZJXgTHRYfenvQsVjpAkMSuPmLaBwDKcbtUqhxyOErCN,True,2025-12-06 23:05:36.087616,0.20581362872949194
3342305710,LHCcGPyMbdwORjuBQkKpAmDvSXYtEzaVFqZUIgTlxfJsiehnNrWo,True,2025-12-06 23:05:36.087779,0.06310070444997318
1212189857,PNEItMuCkAaiworJTBVHpUgqnSWdQZxYFhLKvRmbcjGfsODyXlez,False,2025-12-06 23:05:36.087908,0.9071237305247687
2079787815,sJacErMbxniyLCkvNjlXOtKSGAqYZUoheRBFPVdIDfHpQTWzuwgm,True,2025-12-06 23:05:37.607907,0.9156289175868704
2318684021,kOXQusjEacIyAZMNwBbVozPmfFUGtrgplJSiHKvTdneqRYDLhCxW,False,2025-12-06 23:05:37.608052,0.9133951359114377
2442006806,IbaYxzLishtVkFWHdApjQuKNPTRGnfSOlcXyCrqgwmJEvMZBeDoU,False,2025-12-06 23:05:37.608161,0.2787058892655657
3157282373,SBTLpYFRsvbexGlcKwjfgdNruiPOzIqaVkyHUAEQWoJXMCZDtnmh,True,2025-12-06 23:05:37.608269,0.7007547274583209
183794763,YPcKwtoMAaUpSDHbkdQBNefvixEqXgIFjuyTlsGWOzCVLnmJrZhR,True,2025-12-06 23:05:37.608373,0.6478610015918502
1871645289,uPfYbLvEZWyCMHpiglAqjKGhJTwmIVxsDBQUzodaekcnFRtSXrON,False,2025-12-06 23:05:37.608472,0.6312174985191952
2632962379,UWuYoZqSMXfPcNwHpElAIGRabCnzFBvtDTJdLhVjgyrmOQeiksxK,True,2025-12-06 23:05:37.608569,0.13193095822346124
549096300,TQHjrgmoaxEpdhWDFJckztPCAnqZYGBMRISVyfeUOXwblusKivLN,False,2025-12-06 23:05:37.608669,0.6073968539625081
1596578584,xIRwPCumVstlfMhdZSUBHTiQavgOqpcjKDYnNXGrFzELyebJkWoA,True,2025-12-06 23:05:37.608858,0.5301114315207073
1055130646,htEfLxdAWQVRvyCceXYzSJHBwpFMkaDmIorPugTKObsjnGZNilqU,True,2025-12-06 23:05:37.609074,0.5647369460005801
611593942,hSABalgpIYUtqwLPGmkxRurJzCZNVKbdXiOFEWMjfnDeycoQsTvH,False,2025-12-06 23:05:37.609171,0.48312946053110306
2427655387,lKmTfSwoJjFLRPgypsiEWnxbZYUIqXavcHOretuQCkNGMzhABVdD,True,2025-12-06 23:05:37.609422,0.8052749535424487
3103439554,bGxHVuivEQIdepToDcWKUMalzROYsjLnqmXryNCAhgkZtPfJBFSw,True,2025-12-06 23:05:37.609571,0.7403009782561528
1731801405,FgaoKVNwijqnRMACzUOsevkDcrhfImWxPbHpXySETldGtLBQZJYu,False,2025-12-06 23:05:37.609673,0.02949698993444272
2638625532,AgfxIqhrVKQkPmHWBtTlNFiSEaznseoYbDRLUOvCpjdZcwXyJGMu,False,2025-12-06 23:05:37.609771,0.39157688028507065
152721935,gBSXyesvJbGaAncqVEIOhLzHtkxQRMpwriuZCDFKWPjUNlfToYmd,False,2025-12-06 23:05:37.610011,0.9236366109976134
1576725219,MFOitzJSrpAugyDKNYblswCaWZIkdqVoQeBfmXPhnRLjxUEcvGTH,False,2025-12-06 23:05:37.610230,0.4372044218534825
366534833,rFxnTQUhWdVyOLRZSkBEuzMeDKmcAobjHJiYpItGqPsvfCgXNlaw,False,2025-12-06 23:05:37.610348,0.2925705684009432
3678105791,eMlnVBWFfhwSmCYyuGOHsRxcqpKrgdLoPAaJQbkUjETZvzXIiDNt,True,2025-12-06 23:05:37.610447,0.2550481135278784
1060526150,WQIXMbLdcZuNfFVAthvirqnjGOlxKwCezPHgaSRBYJsDTmypUkoE,False,2025-12-06 23:05:37.610549,0.09317808179925258
2324482294,CAognKfFrUbIZLypseujdQTXEDvtlRPWmYVScJOhqGxwHNaizBkM,False,2025-12-06 23:05:37.610642,0.2889811357997282
517030394,XSTQkBxOYgaudzNnIeKFpyGcoJfwRZjVhUMiDrvlmCEstAqPWLbH,False,2025-12-06 23:05:37.610733,0.4909106814808024
2184025681,XbRAUWKgLBoDCZSEslTQexqhGajNziOVmputHwMFYcPvJIrkydfn,False,2025-12-06 23:05:37.610814,0.47175193240139157
73177779,OcCGbQxwMoaTiJWnKyFhjueLtzpAkYNqUXvBDIVfZdgRErmsPSHl,True,2025-12-06 23:05:37.610907,0.4159519290266147
3925997714,tGDpjMlbTnSqNJFVeIzBExZYyfdCQXhuUakHWmsAovgRKcOiwLrP,False,2025-12-06 23:05:37.610997,0.27835836377538925
3599433037,FvPnKToGBIAYxsHLVEUjMOWdyrSQXmfaJebRZkDhwNpcqilgCuzt,True,2025-12-06 23:05:37.611090,0.5233272130895262
1859629101,JxANdRDEaHcFnUqrgPehuiWjkzZBQpLtbKGOSXslvCITyoVfYmMw,True,2025-12-06 23:05:37.611203,0.6558613157676507
985449619,BLAwPGMFiTVnlhDvjxocbzsaqfUrJdtpCHuONgyIKSQYRZEXekWm,True,2025-12-06 23:05:37.611312,0.8250538774955783
4279944440,qXdiDEejNSsyGfKOtrIBvVbkFRWlMCoAwzuHUxnmcPTQLhJaYZpg,False,2025-12-06 23:05:37.611420,0.03378191201587144
4078646872,iElPomuURZLqdntbyFhXTkaMCzwNJKWDgQSrBsGAHOVYfpxvIjec,True,2025-12-06 23:05:37.611646,0.3149762696421995
3169365597,NjgvfSiPZtyJnOTxHrabIMRczYXULdpFkAmVeBEQDKwWGhlosCqu,False,2025-12-06 23:05:37.611759,0.14656429676036908
1026594445,RcBtpHseWbVzIFaNdSLlhirKTAkEYoPMOmqXgnjxDyZCGUfuJwvQ,False,2025-12-06 23:05:37.611853,0.3250347278953428
4266121448,YIGAirFdMnWzDHXcRbPNJKhmvZslyEQUtjTaSkBegufxwpVqOCoL,False,2025-12-06 23:05:37.611937,0.3745217429737293
3709395448,nCXdQwYmvUgaxyHEcBOWjLlNFPhSfKuZprzRbVqkGoesAMDJItTi,False,2025-12-06 23:05:37.612031,0.16389314593994397
2767521892,xQFpuMWbaqUnseShHTjklBNODYGmXCcrfoERiyKwPtzJLgZIVdvA,True,2025-12-06 23:05:37.612128,0.142249027885472
4796505,rvCBPctsDVmjdXSiKYhnuJkQRAUxNweHZWbLlIEaOoFqzgfGTypM,False,2025-12-06 23:05:37.612222,0.536954796657452
265320776,xgUXdcLtvIHumojSylzqhkYBRONfiQeWaEwCGMrZFAnpsJDKVTbP,True,2025-12-06 23:05:37.612315,0.44354428225969644
3993944331,BHDFIclxunOAZfeCsYyTKtzgJXhmkijGqRrQUWMdwLVpSPoaNEbv,False,2025-12-06 23:05:37.612412,0.7488849756671574
3888040047,EHSYRiUJFtnjNdsfwkMaBGXqgTPmCzlDvhWxoyApOceLVIurbZQK,False,2025-12-06 23:05:37.612507,0.6086075694677103
2132429423,JASTMdwExBhvCzGYekamHlLgNOZpXsFtKnDujQqPfoiVRIUycWbr,False,2025-12-06 23:05:37.612599,0.6150377354410193
1600406723,DgZRTolHuieIabtFsxrqfNQCjKmwndyVPWOkhGLXpSAEBYzcUvMJ,True,2025-12-06 23:05:37.612703,0.5987644711584307
4226102473,lqwQKmMSoOcyGRshnVHuCaJdteTFBfUEzPrvxZXLkDpAWNbYigjI,False,2025-12-06 23:05:37.612806,0.3554479716196385
258614974,uwmSAzaQxFToIZvUjiYbVPsBhgNDRfrEkeOClGMnyWLHJKtdXqcp,True,2025-12-06 23:05:37.612898,0.8359663455365248
3288413996,BtkeHGiJUWIcLXOsfypzoEugKPdvCSRhYwbQqlNnTxraZFMmjADV,False,2025-12-06 23:05:37.612996,0.20152512549277346
499832063,zcDuENZfijnYCFQVLMbRJTqsdteIWraUPXBgoKylOwvxSAphkGHm,False,2025-12-06 23:05:37.613095,0.08017495694245103
288094279,MuDQegYGCUTXOFrZhpyKWwBsPHmjalNcxiqbLnzftVvJIdASkoER,True,2025-12-06 23:05:37.613199,0.5063479546843741
1966603942,oFGqyucSeYdxhvzWAHLkOMVgIiaEPwpQnlZTRBJKbmsrfjtUNXDC,False,2025-12-06 23:05:37.613290,0.4447816160828596
3922486908,CdKernoYBLsgwMtlGikWcEAxUXZjabRzSmJvFyuOHIhNQpDVfqPT,False,2025-12-06 23:05:37.613363,0.7326403483335119
1499539526,xpUNghQIXudBoMmErqTkzjRKlVFGAZsyHLCOvDtbefaiPnWYcSJw,False,2025-12-06 23:05:37.613425,0.3042323081574423
1320311887,CJaXEPHQhjbxGMiYqlVkTwBcnRsfZmgANOzDUvWKeLIotdyrFpSu,True,2025-12-06 23:05:37.613523,0.6819801334709622
2116258221,ZscBXPbuVgaOlMmUCqjfYLvIRGFApKknDeyQEhzStdJwiHxoTNrW,False,2025-12-06 23:05:37.613645,0.8021557958347456
1015988259,QLiostEvJqgXMdVbjGumakZASYpexOPDIHTWBUfhKFnzRywcNrlC,False,2025-12-06 23:05:37.613749,0.9124585898098695
3814624393,AiXSaZrbIfuRgqQCcDnTmLWKYdPveFwHOylNVhjUxkBMpoGtzsJE,False,2025-12-06 23:05:37.613849,0.4048030826396183
420146352,uKAHZYItGnieRVymvLMzdlSEorjFhDqaCfkPbcNxpQUTWsJOXBwg,True,2025-12-06 23:05:37.613929,0.3817096423171047
141255337,GaZtmKFiLYkpyMusDcdjHXRWVESbUPqzxhBQvOCleNwgoArTfJIn,True,2025-12-06 23:05:37.614009,0.13945939008018693
354462043,dwiOJpLzrjDfqIcTsoFMACVUNmKvtaeGXnbByEYRugkxhZWHlSQP,False,2025-12-06 23:05:37.614088,0.992394021758323
4268173039,zIhUdysVmcnWboqrEaZXSltYeHNwkuxDjGTPOiRBCKpFfLJvQAgM,True,2025-12-06 23:05:37.614174,0.43686437365650865
753436519,ZXFSlurEmVsqBTAYJMpvbNhknigwjLUeDtWHoOQxGIzydPcaKfCR,False,2025-12-06 23:05:37.614274,0.2379253195272384
1193102173,geAoNOQShyVREZWBsCkiGYjduvTcPmLzMnpUHIFalwDqXfrtJbxK,True,2025-12-06 23:05:37.614357,0.425198630199477
1429326991,cQPZjEpBNuDwsafdkeqFIJXGOoArlgMCRtnUSxVyzKhHvLTWibYm,True,2025-12-06 23:05:37.614433,0.44035733433482627
611272384,DlEHiWzyerLTKqFnpxjfXtGCIsbQPJYuROdvBMkaSUomhVAcwgNZ,True,2025-12-06 23:05:37.614512,0.438362795580446
1462158274,XzwdomVRCtLrjSvIWPiBQEJGHTOeuFDqpYhsbMNZfxnlUgAkycaK,False,2025-12-06 23:05:37.614590,0.6246254441419307
967864250,eQGNqLcXCkxdoznKFEbyBlijhZYDVWMTgOAtpPJUrfRaIumsSwvH,False,2025-12-06 23:05:37.614685,0.4864870198954334
3074571843,oKfiNCRcEJpVsMrZqHXDnFkUSGuebLdyvOzwWPaIthBTYgjQAmxl,False,2025-12-06 23:05:37.614783,0.7422038067593564
1806403536,jKbUsAYTMrBJNnmZGyWqxPpioVkfDILvwgtcFECheuQHXOSdzRla,False,2025-12-06 23:05:37.614981,0.49275824361274667
3298760837,aypNtLUMETsbeidZwHuJDlcxAnRozFOvIVWKBhfXqrgmPjGCYkSQ,False,2025-12-06 23:05:37.615100,0.3396432195351624
2052967328,tTzFKVJAeHbcGoWxBpOPjqIfmlQaCXShUsDuwryLNYgRvinMZEkd,True,2025-12-06 23:05:37.615211,0.10006743284582043
1934260234,uWKBSCiomNTJcgxtAzHOFfIhjGLMlEwnUrkasvbDdPeXypqVRZQY,False,2025-12-06 23:05:37.615323,0.4098578438222671
1302285977,nuDEBkyOoSzqdCpvMhbZTgJLWQKjHPNRfAaGiwVmxelIFcrtXsYU,False,2025-12-06 23:05:37.615428,0.709077799251667
2592429051,LbFmKMzcaHZhOnCUwrBjvilWRutPEAQdgDsIGNpkXSJoVqfeTxyY,True,2025-12-06 23:05:37.615675,0.1831753165128056
1341128656,isHkPRzZhaqCrcDVxJIAeXbBoOwQvGtElLjpgNyYSuUFmfnWdTKM,False,2025-12-06 23:05:37.615826,0.6219211071162682
3407035756,FNtOZsjIUamLMbQTfKocWudDzwJXYAxpnhlPryeBvVSgHRqEiGCk,False,2025-12-06 23:05:37.616047,0.39670234815456684
4002507697,JUaEPflyuNwvWDLRdnkMZBxqhpzCibXjVYKSesGmrHIFgOTtQcoA,True,2025-12-06 23:05:37.616178,0.054841582366805475
219178677,XcYkTWGbiBIjleSDEdoUtQVLmOqMHKwNshPyvZnpruCAfzRFxgJa,True,2025-12-06 23:05:37.616278,0.10879393469197252
319637392,wEMDLmhtIYrOiCZHzlyqTAxNabUFvQJnWugfPBsGkKoSedRXcjpV,False,2025-12-06 23:05:37.616370,0.5931481947085634
3977776612,jecIVNGuWCJzkQDSmfbqKaosLnidYhyHrxOBTRFgAPlMtXvZwpUE,False,2025-12-06 23:05:37.616481,0.024691318072440405
4259320210,RXuTibSrwMcxtKynYlQafqWDVAEHUdgzJCkpeOmGPhZoLINBsFvj,True,2025-12-06 23:05:37.616571,0.6420069928639842
399915224,VEQTDaPHBiopOnZuUsyvXWfLgjSdqJMAcIFYthCmzGKxNerblkRw,True,2025-12-06 23:05:37.616661,0.1890266121289239
853182240,mkNyAbecCWfuVMXnZUIOTsGEBitqrhlQzDoJdgHKPvYpjwFRSLax,True,2025-12-06 23:05:37.616768,0.1474710128993848
523239762,NlZDdUfqEpmzuPBATCsFeoJwvaRXbKtirLkhYgSQVnMIOyGcWHxj,False,2025-12-06 23:05:37.616873,0.5283732685142725
2391818011,wZRXUoLjJlkIrsuEqtvzdnbxhmHpABgGMeFVNSKyfcPQYOTDCWai,True,2025-12-06 23:05:37.616973,0.2643315452576641
2088094933,gDUoYHvqmjTnytkRbWxFelEwOPXpZGCJsNzVdcSuhLriQfBIAKaM,True,2025-12-06 23:05:37.617060,0.6581017855446486
3957234663,bJHVTuQwgsdleyxAMKCGrcZPkWUFnDNRfjImYtSphizLqavoOBEX,True,2025-12-06 23:05:37.617310,0.42607717041001536
3870458358,HzuVneXophatilSEyDqKOwPTdMIksvWUFLYCrAbNgfRmZQGJjcBx,True,2025-12-06 23:05:37.617528,0.5443480488106938
1714012065,yqHLkOCKJlsurGiYRWwxPAgXcZQfzhaBvoVDjTFUtMNdepbESmIn,True,2025-12-06 23:05:37.617642,0.8407964336843624
1638857576,mnItWyLjoZAEFVhBfSYQlsxNGXwbRqzpHeCruUvKDPOMiJakcgdT,True,2025-12-06 23:05:37.617744,0.6168215916853688
3166496483,SrXsguzAEebTnWwUpfdaHGqKjVPymlNCYDRkcMtJixQIFLOBovZh,True,2025-12-06 23:05:37.617838,0.7569787107451216
2674123610,QyiOCLzBarlXgJDckWtGEHIfvpnhKZYAMVPNFjmRudexUqsbTowS,True,2025-12-06 23:05:37.617928,0.09127164684677536
3474069185,cNHqDTkndZeOgYRWKtApLCbuawofBQvsExJMUPVXmFlShyjiIrzG,False,2025-12-06 23:05:37.618014,0.9235326970032222
4035584193,XUVeyHchTkPtWGAqnOdoYvIRbZjlzMiLgExBwumfrDQSJCNpKFsa,True,2025-12-06 23:05:37.618102,0.5936049769472057
3700399959,KvqtAaPkxOoUfjWRCnTpIiulMsybZrBgQVXJHdzhDFGcNSemwLEY,False,2025-12-06 23:05:37.618186,0.30931227061494815
2175123823,QjYiKTtXnGycogBulUJqEwOIhrkRWpZLMDxCmfVzaFvsPedbHANS,True,2025-12-06 23:05:37.618270,0.9981359103665377
769227933,MToaKexhjUuHyQwdisVgzNJRrqPEXCLDkfvGBAbOYmWcSpnFtZIl,False,2025-12-06 23:05:37.618351,0.27845374248098087
3911669301,NfSoOHjIuzTqPrVWGabLBxXZMtypKlJnDAgUYhFmdcEeQikCsRvw,True,2025-12-06 23:05:37.618432,0.3785848441135792
2460684448,eaFqSjExtBAPrQHJDugfWspOzNlcLVKXybIvChTYRwoMnimGdZUk,False,2025-12-06 23:05:37.618536,0.7968050967496397
4167369292,KwBbyfrFVEjWANmdvOiPaLZRcYIqHnshlMkoezSpJuDQxUtGXgCT,True,2025-12-06 23:05:37.618630,0.7114745095068136
2473892704,lhjwBeQnUpLYXNHSmKGqfyoAExVcDrRFOCzZtdWaTPMsiuvJbgIk,True,2025-12-06 23:05:37.618719,0.16733334525484023
2956399172,CAvXrQzcRNstydMUukmIaiZjbHJhpwKFxVEqlgWLSOTBoGeDYnfP,True,2025-12-06 23:05:37.618814,0.6204001407026025
3336532187,KNuTYnxIgqOSvJXyLlGRatfzciVbEweUDPQWoHBMkmpdhjCZArFs,False,2025-12-06 23:05:37.618905,0.09767591534029241
1281574686,bAjWFpRKYTcEBwPMLQanCJGtOglIfkrHsNzeuxUhmoSXZvDqdyVi,True,2025-12-06 23:05:37.618998,0.8266920165855519
2751326183,JQXihHMKLNPUIerZvkWuRwBtEAdjfDYonlcSGgbqsyVxOzTapFmC,True,2025-12-06 23:05:37.619109,0.23434978531747053
2771062247,vwDKBEYFdbNVRIOuPohzHcXQMkeglxqLmrTWJUaSftyGZAsnipjC,True,2025-12-06 23:05:37.619198,0.8676778380619142
845377097,JFXdEnPvHQStNRLpgshebGTjMKywolDUkWqiIzZYAOCfcrmuaBVx,True,2025-12-06 23:05:37.619310,0.7481821198158248
1488218330,NdoVGqMDYsIWtBkPgufORvnLZiAXhbmlejSxHwCFJyTKQazpcUrE,True,2025-12-06 23:05:37.619415,0.18800387698893528
426354303,ILlUETyhPNDrdzFYQBmpusfobKRkGgHWSOcZtXjqnxJCMaeiAvwV,True,2025-12-06 23:05:37.619504,0.620774421066357
2722618158,lUdCegSknGWayzpTwVKPFvLQouYjmHiXxqrtcOIZbNsMREBJDhfA,False,2025-12-06 23:05:37.619594,0.09005437407220629
790930448,dmSGIWwAyBCpUfvclNgKFHTnEtohMZsJezjLXkRPDaxQqbYuOVri,True,2025-12-06 23:05:37.619683,0.3434683727125383
1441638978,MgXGvtauKDBxsYUINLQFTlzhErJWicjqVbwRkZdAeHnoySCPmfpO,True,2025-12-06 23:05:37.619771,0.6607656212526187
449528667,VRaTHeuJAbGNiLwgyYvkSsrKIOfmDqZdohlPnWBcjFUxMXzCptQE,False,2025-12-06 23:05:37.619865,0.579516834145401
3120459935,KJWlXRbdFqtDyzfjNixLarSPMOAoZVQEhsTvweBIYUcknmCGuHgp,True,2025-12-06 23:05:37.619966,0.3750684843429185
4205639674,zpcCFLKZOBjTgGyIfhMrVibDAlswJeYxEnqtaHQvumoRkWNSPUXd,True,2025-12-06 23:05:37.620060,0.3670508730393319
497237511,aQwZqpPkOGFtDsjUExHgLIfiBXRnoyJCWczluNbYevSmKrThAVMd,True,2025-12-06 23:05:37.620148,0.258882291975439
1590628523,RzgPjqLDAcEvTwpMKObnlItGWUyhBxVZmoFJXaruefkHidsNCSQY,True,2025-12-06 23:05:37.620234,0.4111946228223491
675196418,hAFObQJwPElCmLdIXyjMUoqTafDitzcpevSZGngrkYusHBRxNKVW,True,2025-12-06 23:05:37.620321,0.8694325249576726
2342946684,ztyMYmSwFIqGTWsfQXJDBcKjaeZVblproxivOuNHgnLhCRkEPUAd,False,2025-12-06 23:05:37.620405,0.22621461244358265
579688679,OBVWuPhscGANvtSaZJDidgFHjKzIfoCMQErwbRpqkTyxmUYeXLln,True,2025-12-06 23:05:37.620478,0.5749431191532965
149427271,LkFMuraOCwhxfbRjmKdZYNAivXpscSPHzJUBtglVGWDTEIynqQeo,True,2025-12-06 23:05:37.620584,0.7311999607380164
2855803568,jWUEIvOlQCFmtygJHAdfXVKaLusBxqenpZMzcYbSTRDokiNGwrhP,False,2025-12-06 23:05:37.620673,0.49752846429056163
2275264144,mcrMAWoGiBjxTXbVZpQanJsPOqdwtNUhICgkLESYFelRDfvzyuKH,False,2025-12-06 23:05:37.620759,0.6431630330807875
2584251194,tsorZldyagPzSmXcJvjQuDFLenhBUMpYGKkfIRTWbwExAiNqOVHC,True,2025-12-06 23:05:37.620838,0.939603915442242
3980219731,LGdJaSAMROwHkxzpIvfeFKXjtbVEcnhQsWCNBmiUrYyTZuoqgPDl,False,2025-12-06 23:05:37.620913,0.41672727934821396
73257495,gTHLNpoOxhWyvAnfBJdXrektEqcbjUMYKuCzRZPDwGlaIiSmsFQV,True,2025-12-06 23:05:37.620990,0.5543124962685737
3228570130,rWPBegnoaqZvLuSQCRxydkmVztKTHwAXDpYsJFNiEclGOfbIUjhM,False,2025-12-06 23:05:37.621071,0.5003578258300999
3727333537,KfpBtNdYEFukWynQeJaZPoVwUAcblSmhROxIiLrXqCHzvTDsGMgj,True,2025-12-06 23:05:37.621150,0.5519508498479008
719908081,rAebtJmnRVEUPOulwQyfjMgxLIvSazWCTYXBNkDqiFhZspodGHcK,False,2025-12-06 23:05:37.621232,0.3749371858411469
960782385,CYqcopHbSuIlEgLiGZMNAadxPrwnjsFVUfvzTWJyOXtBQkmRhDKe,False,2025-12-06 23:05:37.621318,0.6274406956706559
3884361618,JDNvzCYFXkRhoWMclIABwaPGgQmEbtTdjnsSVuOiHLpKqfreZxUy,False,2025-12-06 23:05:37.621399,0.4628641832939647
363293836,dpCXRZtDYoJVxyjKeqTcSMIwnuAlUabmghFkiBHzGvrsNQPEOLfW,False,2025-12-06 23:05:37.621450,0.9170139495383021
107545802,DImTKFeCwYyoPrjhkXuLpdQSvRcastNMWGVqBExbUzfAHlZinJgO,True,2025-12-06 23:05:37.621497,0.40501127900938005
1276218049,VHDtElfsaCYzBZrLNGnPQFqTuiSwxIyoXvmdRJkUWeObjpKgchAM,False,2025-12-06 23:05:37.621544,0.39465976116270085
2573260552,ZUdOLJqPGVunhEyNfIpkjmgtYMaoCwQxWKFXSBRcleiTsbrADHzv,False,2025-12-06 23:05:37.621589,0.5585297353505807
407797515,oXzCSemJEbkxsHDapRQtZcjGgAWOriVKvlqdTBfuIyLwnPFMYNhU,False,2025-12-06 23:05:37.621636,0.2595459282953785
4225670671,hFeXomqAGRMwWuyVJYBtQzCNvLnUKgiOSDajdcHrxslTbkfPpEIZ,False,2025-12-06 23:05:37.621682,0.9368958611622101
2912463994,wNFJqpCzcglrPotLOVAsybSUeWRuQTdIBnEZhaHmYGMfikXKxjDv,False,2025-12-06 23:05:37.621728,0.3008391329383623
2016385060,KCPoNtgYJwjnxfWEIsyOuTrhAHdcVqGQmblMzLeRSUaZDBkFpXiv,True,2025-12-06 23:05:37.621776,0.9647148715508098
2444544736,qyrGNZAsbCMFuJeHdLaxoBlRifEtYIzVmDTKhvjQOkwcgWpPUXnS,True,2025-12-06 23:05:37.621893,0.32649814534553023
3335119772,hVGYEkmqOjolgHFuTPKABpUXCfvaDxZsIcJyLzQrdReWMbintwNS,True,2025-12-06 23:05:37.621951,0.4342330651649262
582493953,BxDTQWVHLZwdfAUhvjboRImnYFazPOrGNCXEgiletupMSsqckKJy,True,2025-12-06 23:05:37.621998,0.9729335405182788
489172342,SkvOoNsuHleGyzWZJnMKaERFhpjYqBgmLxQIDXwTtPdAVibCcrUf,False,2025-12-06 23:05:37.622046,0.0506219356686306
113182025,GxOwSPzFojgylpMuAYQhLamsJEUIqHdWeBTRKCkvZntDViXNcbrf,False,2025-12-06 23:05:37.622135,0.08271124652505157
4016432176,bhsLqPeYEfIOdNJuwGSMyRQanclBFriAkTotDxzmWHpgZUvjVKCX,True,2025-12-06 23:05:37.622215,0.5250863061505432
2280342730,shvmxILCtVclJUfnrXbwDZYeHSgWRBdajEKoqkFpyiGOMANQPzuT,True,2025-12-06 23:05:37.622292,0.0795250386820493
2984082561,jxgYVNqiRUhXEzaZBrWnMlQbPTCGdpsOIkywLfKvHuSDcoFeJAtm,False,2025-12-06 23:05:37.622381,0.7442209093385341
2972289205,yqVELMHlufbvYgKGDWpCIOhAsrdFUSizaeJZwNRoBmcPxTjXtnkQ,True,2025-12-06 23:05:37.622481,0.03575760150184826
1504874795,orGIXdOTBNZJgMYUPeflpKHyntwAmhQkWvsLSDRqxFiczVbauCjE,False,2025-12-06 23:05:37.622612,0.8425980435070569
2783526758,izTRZbqunxUDIMYvVypwmEldtfeJsHXaKFgCLQrBWhSPckGNoOAj,False,2025-12-06 23:05:37.622695,0.9175519443287822
749037718,uHlYtQmgNOnaIEpUsdcJAiGZwoyCTMDfbPkvVjXFSWrqRBLxKhez,False,2025-12-06 23:05:37.622791,0.17259940244835903
2058907262,qrIPtvXKNjzJMSAGTYaxZfbFmdoVWcQiRBnCkDlUyLpOsguhHewE,False,2025-12-06 23:05:37.622865,0.002520866187739057
2728716285,wqzBvWxUjmoFbGtMdOgNQSnklArIDTZXyPJaVRLifpCehEcYsHuK,False,2025-12-06 23:05:37.622968,0.5272783148462369
3810255468,isQIbGKlYPpqocgEBFyfhHLzruCkUjxWVvSOeZAdDmTnawXtRJNM,False,2025-12-06 23:05:37.623071,0.4643914932644211
1593027549,cozEayXWtpZhujVrPYNxUMHsQivIgeGbBCfJwKmRndLqOTlDAkFS,False,2025-12-06 23:05:37.623161,0.6299680149130209
925469428,CFGIcXaBfOKELxrTwqRuAMSglzHNDVeWJnbPvZoistjYydmkUQph,True,2025-12-06 23:05:37.623247,0.8475091873160684
1241056065,gEICLinveTmQuYqjRGKcPNdroAWpxtzlbfhsBMUFZDVXaOwSHkyJ,True,2025-12-06 23:05:37.623335,0.8584706856109052
3896275305,YTQSqAKyczFdbDGHRiIvjNOphMsZmEowefBaUnVxJtrlPgCuWLXk,True,2025-12-06 23:05:37.623423,0.6273418633613289
4182951995,ecqjtoXxDwnrbEOgZBzshLdimfJYkWRKvNGaTAyPFSIVUplHQCuM,False,2025-12-06 23:05:37.623517,0.17813343074082533
542894475,noHUbPXiYOIxckDvTJfMjRQNhtWrAlBFdspCSgywzqKuamVeELGZ,True,2025-12-06 23:05:37.623579,0.03735660702507693
1845042245,taGQBEmsPXrhnRpxDTNZIfMLOeSVojdzcqJWiFKkbgAvlYuCwHyU,False,2025-12-06 23:05:37.623658,0.8323129489093777
3834485698,BIFyoZqfhNQrKSzbkigmRUEAXlDCeJpHdMcvutnWVjTPwOLxGYas,False,2025-12-06 23:05:37.623744,0.5393779304214551
1060087397,dnrmLcjqoBNbCGiaFxRSHAPWEzhUYvDQeuXJIKTsktywfZMpOglV,False,2025-12-06 23:05:37.623823,0.07448623431292922
2228115376,mhzKGTHxZdBDjJrcigUvEIkPbefaCoyNVRWnSAlqMQwXYpsuLFtO,True,2025-12-06 23:05:37.623899,0.5630997266705182
3716933992,GixQjmpqOSAhWXndoPltVFMHKzkgUaZLwvuBeRcbsECIJTryDNYf,True,2025-12-06 23:05:37.623979,0.6488001108741691
3098730918,tRmMInJUkQfVjqxySPlXErTZdDYaNuLHsgzFGopcOBhwWKbCiveA,False,2025-12-06 23:05:37.624054,0.6477489444493802
1639048182,sGmwjIPxzLpoHkXryCDJMvaBVWlhZETtQOqSiNYKeARduFcUgbnf,True,2025-12-06 23:05:37.624130,0.7703943295372059
4132669482,TzsxMcYdkLXReCIFbaNGlPBqVmHnopgtJQfvuwDUyAZhSiKrOWEj,True,2025-12-06 23:05:37.624205,0.43346046657667237
2082682998,rSQHamdFfyTkPIelpvqnuoNZCWXzEciBwsOAtxYKhgUVjMGDJRLb,False,2025-12-06 23:05:37.624291,0.4048606964903475
2931290040,eVEYaRFZTPkfOoJmKCxQlnySpzdMWtjXDgcUAwsIbGNhuHBiqvrL,False,2025-12-06 23:05:37.624376,0.5690949355533255
67794887,KlXgdDrAwCUBEWJeqjPipSZhcFoIkmTYuNOvtsGVynbzHLxfRaMQ,False,2025-12-06 23:05:37.624464,0.1816399731041929
1912733078,EYmDNIreMoObQystKldAxHPGXVRjBhvkzfWZSwupqJgTFnLicUaC,True,2025-12-06 23:05:37.624571,0.3785568642732512
3898561430,zGmKFkuIPOyrsHMhULYlJaNjoVCAxWnqceREdtBfSXQDTbgpZiwv,False,2025-12-06 23:05:37.624728,0.8321549158419855
3612804786,pKwQGLJzRscgBfHmkdlThVDSuMZYqtPOxCobXWyvriNeAFnEjUaI,False,2025-12-06 23:05:37.624880,0.3816330455468532
522673684,lSfwQEMeymPqOHGutoCXFBTLxkIdJvVRNADrcUpngsZhKjbYzaWi,False,2025-12-06 23:05:37.624982,0.3048644663743174
1911722174,dgWytnIAJBoulczxTMUObLpNXHGkaVsFfqPRwSrZQvYeDihECmKj,False,2025-12-06 23:05:37.625079,0.7512550729051256
1591438505,ZVScaWNMfnsTPCOjwtBgQibKqpuoFGhyeIAJHYlxdrkzLXDmUvRE,True,2025-12-06 23:05:37.625172,0.9509204274269554
3778003538,XacVrdzGogFMibZuTKQIsvqACNtRxUfWhHkSJEYDlBwynLpejPmO,True,2025-12-06 23:05:37.625265,0.10364403334503813
3014720908,maFDnWQiKPHvpqSResXjAGwbLoBTlYdChxIyUOZrEMkzJtcfugNV,False,2025-12-06 23:05:37.625348,0.3468431606871072
1360103544,WrHaDmXIqtdLYUxBysPgcMjSwuFGVoJhKCnAfpQbzOiETklRevZN,False,2025-12-06 23:05:37.625523,0.48901761500475305
1744806916,bGavUeYknjgqOJHsKmdRMLXltxFAZpDVQCWfrBITcuPzyEiNohwS,True,2025-12-06 23:05:37.625753,0.9976430308114902
162806339,eFQuJXNoUanYtEqMAzhpIsvxcVTSRPZyOlHdLiCfgGjrWwKbmBkD,False,2025-12-06 23:05:37.625899,0.9927736233904734
1602776914,kXEcxINZWhqBAHMnCgQTmuvsSDPjpKladRozJfGLbieYyUtVwOrF,False,2025-12-06 23:05:37.626217,0.8296301080494939
3077949424,PKpwnoHDBgACXuJkxcVeFYGbOdEmLUZjlNIrfStihaWqysQvRTMz,True,2025-12-06 23:05:37.626337,0.7471942573650016
180733718,IhDnVMpuWGEfwXqtsyUNOgiacBxvloZbkFPzKCdQJTmLHYjAreRS,True,2025-12-06 23:05:37.626435,0.4913250963765886
3991018377,VHlMDKmfPkRrJzAtydpwiBFIbsZveEaXOgQToYxcuCUhGSLjNqnW,True,2025-12-06 23:05:37.626535,0.4964999830564836
2518861908,ACynDiXTPBkamYuKEUzQdReGxpjqLsMbZFVfONWloJvHgrtShcIw,False,2025-12-06 23:05:37.626666,0.16245116017535077
1205348589,zoUsmGKAqajIQNwTFcyhxVWfCZMBrDRgPbtXOevuYpLnldiSJHEk,False,2025-12-06 23:05:37.626770,0.32820756907626847
2502864939,UfrkblHIgPJOQLoEjcSNzCuYGiMandvFZtpxXqwReysBADVTmWhK,False,2025-12-06 23:05:37.626847,0.23194922612351354
1634418440,yUOvBIMQnsWPpdSmgXoRYArqlCZNVGLEhczHfJbewDuixKjtTFak,False,2025-12-06 23:05:37.626922,0.22319436741403997
1230605096,fJbqDvgyTYilQxohZVKaEFmduPGXLtnNSHkCcAUpRzsjeIBOwrMW,False,2025-12-06 23:05:37.626993,0.02651278984549077
1750081907,MGIVsKtUQWkyFgbxvBPZfJDENCnzOSdrYpHcRTLulhaiowXmqAej,True,2025-12-06 23:05:37.627063,0.14358013132337466
3718224458,KhEpCPFJVQsXnruYIekflWjwBxAmtvcdaOqUHRZDSyoiGNzbMgLT,True,2025-12-06 23:05:37.627133,0.812401455543075
825761271,wKfkQCncvNeaGbzMLYguSiBtrydUoJTjOWZAxVhDmIqsRXHElFPp,False,2025-12-06 23:05:37.627204,0.9587017351224754
1124530865,guPZfqiJzAGHyVpOEnTCrbSdQseXBlUaLkxtKmIwhvNDYjcMoFWR,False,2025-12-06 23:05:37.627277,0.5214506249386589
4034428564,nWSUwdvakKIHcmNZjLiOFJXozgtRBpqPCsyVErQMhbDGufAeYTxl,True,2025-12-06 23:05:37.627346,0.1476356522828659
797451336,bARkeuoFjsYqVgzGLHIvyhmZCUawxWDEKrOdnSPfcQptTXNMlBJi,True,2025-12-06 23:05:37.627422,0.8739664001469537
303507988,RAihstyVScBvTYOlHGwqoEQzrIWgXNCxbjFJZUpKaLMmdeuDkPfn,True,2025-12-06 23:05:37.627495,0.2992851060869629
2186802752,JLHuKWXQPUjZCgMacqnBkfRzTSmtVIwrADhNOGbsevxdoFpYiEly,True,2025-12-06 23:05:37.627566,0.5709060981837729
1392224747,fKrZEjphkmIASgMdvqteYWFybxVcTwUiRJoLQsGzlXPOaCuDHNnB,True,2025-12-06 23:05:37.627634,0.5659074072814623
4167093422,PFwVmMtCqOWlxeHSTfXbAuoBakDpvNKcRyQEidnJGsLgIjzYrhZU,True,2025-12-06 23:05:37.627705,0.9557501312439951
3162453137,QvfpTVMZzjdnGoJSiILmtDAckXxWgubalHBshPRYrqEweNCFOKUy,True,2025-12-06 23:05:37.627773,0.3089902216072332
884196753,zrbGuCSpRLOjhMgwYoDWQFTXZJeAVqmtUcvaEBsPIlKHkxnyiNfd,False,2025-12-06 23:05:37.627844,0.9238664697293103
552824019,wXtmTxAPpcosjnldGiCULzgafEKWQuDhrMqJFVReBYkObvNSIHZy,False,2025-12-06 23:05:37.627912,0.1370139616703847
2622724800,pUbEIcYvtSNjlxsdRqkgiWFuJZKmaCeTDAOVBnrfQXGPzLMhHywo,True,2025-12-06 23:05:37.627981,0.36344287941526787
1061301813,TjdgVBbfNQROtLDeHUCKkPZiwqyAoWnaESsmpYIMczXvGhuJlxrF,True,2025-12-06 23:05:37.628051,0.5168730845864065
2645353795,XjiavROHduPIehYbABqmolCnrWFVDtgNKUJLkTpfzwGMxZEQcsSy,True,2025-12-06 23:05:37.628121,0.6318889641084803
1476674281,jJQRbWdnHxmfOXVDAFSulMtZoyesYPBcUIkragTiGCLqKvNphzwE,True,2025-12-06 23:05:37.628191,0.02221426727970932
2336733349,ilvjJNpKIzGDfhEtnWecgkUMqAwsuQyZTFBXxdVYoLPrOHSmaCbR,False,2025-12-06 23:05:37.628267,0.3854892290381743
423726572,MQnjtuEpCaekIlysLPDZUJVBhofwmYKrXRHAbiOxSNvgdqTWzFGc,True,2025-12-06 23:05:37.628355,0.4763719924256473
445632803,ERfhFOcxTAnjUqVPMaSNulwkrBiyKtJXezDspGZvImdLbQWHoCYg,False,2025-12-06 23:05:37.628447,0.859473702912549
4254322022,FsgtZYrUuLwmRfPJBeIhDVqiCKbdEnyjSTokOpGaAWQHzvxMNclX,True,2025-12-06 23:05:37.628566,0.8207270075339882
1604036757,YKGaqHDjWbPzdNxyMSRCsgrfZpQimBkFElwhceJuTVItAvLUnoOX,True,2025-12-06 23:05:37.628687,0.3480280127369545
3351761682,iLSJFwGPbtpseDodCzHRuqyTYWljUhBIgrkOKaVXMmnvfZQxcNEA,True,2025-12-06 23:05:37.628776,0.4068027980644344
460290559,DFeiQkfIvoaLMhPAlHxRSuNYsEjyKUwCTWpgGdnmJVrqcZtzXBbO,True,2025-12-06 23:05:37.628867,0.4270829015097807
2434291784,FjzhEwAxoDKqvNtCuRWsciMIHbTPYXafelrkdmJpgOLVBnyQSGZU,True,2025-12-06 23:05:37.628960,0.34362182341229974
20381450,ezNlvyfPOUFBdhwMZLGDAqsxQWuHtnkRgJcrpSYTXVabIEComjiK,False,2025-12-06 23:05:37.629046,0.7259651114875709
2401788902,aYLxAhgowcdJRVIQuUTftCmiWnOkjGvqZKXMsElDPebzBHyNprFS,True,2025-12-06 23:05:37.629125,0.0834547134505762
1623693997,GrRIbuXMkylDHnOFqfpUYdsAhTNCzWSKmiQLocgPVEtJvejwxBZa,True,2025-12-06 23:05:37.629205,0.5309293997782285
3184618719,ZnOdcqfwMlGFQVruUpCPxIJihjmoEykRzABgatHWLeTDYKbSNXsv,False,2025-12-06 23:05:37.629278,0.004265135723898306
3629636326,NotuicUmCAprHyadFPjhGVZBbvTYfzsneLqgSEKwROWlIXJxDMQk,True,2025-12-06 23:05:37.629353,0.7126702502594757
1892515992,UJGTtbXoWpSvQnIyYeRaDzsNAOklmqrcCHjVgLKPfwFiuZEMdhxB,True,2025-12-06 23:05:37.629429,0.005016403114569745
2490498610,qpFhBXuxLDNrtcmiJWICaoUKyzdAwgOVEbjQYZeMTvsHRGPfnlSk,True,2025-12-06 23:05:37.629501,0.18635830684828636
2795349871,WZrQeaCKDLPltiEhJUNyTXudpnMcVkbmgGSYjAOFxHsRzwfqovBI,True,2025-12-06 23:05:37.629573,0.060580170601504335
417388906,xSGJiBpTaKcLHbPODnCugfvhzwQYteIqmylsEkUVNRAMjFXdorWZ,False,2025-12-06 23:05:37.629645,0.07636704786966508
2042362236,MbPfzECorkAvnYSKGgltXNTyRhsFapHVcWdUwiLImejqJxZDQuBO,False,2025-12-06 23:05:37.629719,0.4110943910654291
3223876400,LGkIQoTagKVpehCDOAydznlfHNrPMEwYbxXstmjWJuicFvZBqSUR,True,2025-12-06 23:05:37.629793,0.09645090712621973
162243421,oSQZETAURehsptDGaHxbOVPCzuMFkNlWjcfdBLYqnJXvwmyKgIri,False,2025-12-06 23:05:37.629865,0.2695730006069912
1608401744,CMfjRrQBEuvUFpnaDOyeKqxdLhYwicbAkzgJGVTNItlSsXWZPHmo,False,2025-12-06 23:05:37.629937,0.5386917764346575
1150264144,oShvFiKOZXVgmHMDlRQYIwtPuLUnJrsCNkdTfxGAqzeycEBjbpWa,True,2025-12-06 23:05:37.630028,0.06254733783637278
4130630786,glomkJhILjxzersTSHiEUOYNnQWayDVGZMtdBuwpcvPfFXCKqRAb,True,2025-12-06 23:05:37.630104,0.46134607959185225
1283869278,CGfPzuwYHVFBsjLoOXWpnAmeliMaEKdrZSUDxyTthJNvRIkbcgqQ,False,2025-12-06 23:05:37.630184,0.4393890847408424
857051241,SPOdlBsbhxfaoGEkmvXNrwCMuYQycHjRUAnWiFLIJeVpgZtqTDzK,True,2025-12-06 23:05:37.630263,0.41490583243884427
1709473098,aGuKyYrRxzEkQfvXqhHwJjOIbCSDUcnZpseoitVTdmWFABlgPLMN,False,2025-12-06 23:05:37.630341,0.14635178978076413
249912329,cJEKxHaqoBdCnOrZsTYPvhgWpjuyQtkmANzRVSLiIbeGFUwfXDlM,False,2025-12-06 23:05:37.630415,0.07182808949646247
3177915552,EAwOsDFJhHStZypLfqzaUeCriQYVMNIPkxBKdjcuobngTGWmvXRl,False,2025-12-06 23:05:37.630492,0.39007864857446595
1478219180,FxzlocITVuKyUXtbZSfmOgiWNdAnaPkqQCRrMJphjLvYBwGeDsEH,False,2025-12-06 23:05:37.630576,0.46306057869422845
1893889534,xjyZLlGviWhEoVCHXeQRSUKmpJNdIuzAtcbrYOgBTfqMPknaDswF,False,2025-12-06 23:05:37.630653,0.7423458335547527
4163360643,wjyUCnPgMkrYitdNAKhZJqoSvHGcOQWflVBbaXpRuLeIxDTFmzsE,True,2025-12-06 23:05:37.630730,0.6019671147556247
3963146969,IneQqdrUpgTbLwazDWFCXGuvcPtsJfkENjSRAhYZyVHBmMliOxKo,False,2025-12-06 23:05:37.630806,0.05456891219880433
2910924764,prEtAFsMCnbXHyDomLNlIiJTYOuBGxVwRWQZcPKUzkdjaeSqvhgf,True,2025-12-06 23:05:37.630881,0.7645417131306229
1214510449,lnYfUMwWTkXsxKpCoqSABjIgzGuRhZdtPLVbvOiacHDrEyNQJmeF,True,2025-12-06 23:05:37.630955,0.7341716463692776
1651721211,zGnPrEZodfecIsAFOLJqTxkMNCUDHwRgYVabjmSKviQBhtluypXW,True,2025-12-06 23:05:37.631030,0.6559694638307519
1456069695,sLQDeWIFEZYtzXyJgaTUfHhOrPBdjqnivAGSMmVKucCNwpolbkxR,True,2025-12-06 23:05:37.631103,0.6559467161429544
2888951210,FWHRhOJCPzEyuIaLMqxlgXNVTvZmrDKcbpdSUYQfGnsejioAkBtw,True,2025-12-06 23:05:37.631184,0.7919745025065225
147202218,FKIWfthMpsauDebqPVZLASYgryjvNmxkoXOdUwETGzlBcJCHQnRi,True,2025-12-06 23:05:37.631261,0.8324131400612154
683955866,rmHoxREabcsfWKBInzkSyLjUFDPJAeZOQpNlgvGuVtTYdqiCMhXw,True,2025-12-06 23:05:37.631359,0.8849141146227449
3093713880,NsahteWmEVAXPvykjpYSIHDJoxnwbRfBuKriMLQlZOgGcCTdFqzU,True,2025-12-06 23:05:37.631437,0.4773257979855492
1562435563,RQLyFbKHUfmXtMZsdOicBeWuIpDjSzAVGnwYJlgkPvrohqxETaNC,False,2025-12-06 23:05:37.631511,0.8362092002307726
1338346610,WRApjsLBDeHrdOPXyZSoiJzVkQlmnMactvCUxqKfNYTEgGhwbFIu,False,2025-12-06 23:05:37.631584,0.13685637124012784
520841986,FsfbyjaJHqBMIidRwLTCknWvKSPOxYcNlpEroVhmuQeXZUAtgGzD,True,2025-12-06 23:05:37.631657,0.3221375239339431
2859700894,uYTRAxjWegGXOmSiMzHdCJqvVDLlrEZhBNFpwyKnQbIPoctfksUa,True,2025-12-06 23:05:37.631731,0.19538385046220053
4249089908,wOhJEXsFAMWmvpknHUYLKfCGriRbyITDQPVdxZNojuqaBelStzcg,True,2025-12-06 23:05:37.631802,0.25728202920911913
248386805,eVmPIsBhUEjouqrGCcHTXfvzaMtySRdpJnYOFixWQlbLKkDNwZAg,False,2025-12-06 23:05:37.631874,0.577657703935048
2620819000,wTeoFOyIxSfXkPqLGJEbYsQrpZjzncgNMmavUuWClhdBRAiHDVtK,False,2025-12-06 23:05:37.631945,0.7585357490710439
781238151,oNFjruPJzAldeEIvnVMqZTfgBhbsiWLUOyKwaQkHxtRcXmpYSCDG,False,2025-12-06 23:05:37.632039,0.4728058273315058
2160144872,zAeaBLmHZhNwQxgtOvKqTrUIlkSXPdRjEcFJMnYiCWVbypsDGouf,False,2025-12-06 23:05:37.632116,0.09097427356304022
1777752847,jVcnhbGBegoNCPXOWiHSxpkZuzDQMralEYsTyKqAUmwfRdLFvtJI,True,2025-12-06 23:05:37.632190,0.7887517222765714
932225760,bSnXuDhKwNijGOFsHdLPWlYRVCMcatJBpfTxkmEvQoUyIZegzAqr,False,2025-12-06 23:05:37.632265,0.6543901290512866
1180754306,dtAzehkcgUWsQrOlJoZTLRiqpwDXvVEyFHBaNICxSufbMjnmYGPK,False,2025-12-06 23:05:37.632339,0.9798342886410882
4147995123,WvnKIiYhlJwUNbxcQzqmdaoZGBApuXMfFRsLrDkPOgeETCSjyHVt,False,2025-12-06 23:05:37.632412,0.4658798549706573
1177092420,eStamZrypHwPcUgdEfGiobnQVxvzhsJAKlOYTMFkqIjDRNBLuCWX,True,2025-12-06 23:05:37.632484,0.9407073686341199
2530065873,OpqcZXfISFEusGbDixBHkvmaetNTWYMrlVUyjnCAwRLKzPQhJdgo,False,2025-12-06 23:05:37.632562,0.9697857686842776
2610813435,DxtNkdeKYmBlWFpoQAIjuVrifwLHsbgEPCSMvhZRyOqGnXcJzTaU,False,2025-12-06 23:05:37.632638,0.2595875427133595
803672505,SfvZxOFyUwqVGuQWKsHeibLAmPRCXMIzdnkJprjBYTgcoNaDhlEt,True,2025-12-06 23:05:37.632712,0.7094507909607101
3771014854,AuDOeKXVMlJGSRxsavifwdPETojpZQYBNCbhmgyFIcqkUWntrHLz,False,2025-12-06 23:05:37.632785,0.6415499375267786
3527032308,CVrKWBUgZIylStMfDpjsiERoPmdNHvnhAOzGaTbeFLxkJuqXQcwY,False,2025-12-06 23:05:37.632857,0.47932684936956516
3797686515,pJdCRQByzGnPtivWrXalghFfemAcOKwVbkUuLYSMjINqZsHxEToD,True,2025-12-06 23:05:37.632929,0.29912046408244075
1084218080,HvWFMCbiQKeTsLwjduNtUGkmXplVqZfDagAxJRYEhSnPBzrocOIy,True,2025-12-06 23:05:37.633004,0.6458132029760898
2323971999,nWdmkBoZQLqeHpYfMuCNGvrVRJUTbyOXAEPixSslDzwaFthgIcjK,False,2025-12-06 23:05:37.633078,0.835707666677971
760245049,JlZbhkRxmQLisTMPaBGVKtXOjyvcgUCHeruYNAdfEFSpqnWDoIwz,False,2025-12-06 23:05:37.633150,0.9251477480961389
1583693952,GZIiBAgqJQdTzbjohmkpyFcDwHVOevrUYnERxsuKXNaWLlMfSCPt,False,2025-12-06 23:05:37.633221,0.11558161120253752
487005514,bfdpGONPFVhilzIZvTJxewWtaDsCyjnBEukSRUKHMYgqLcmAorXQ,True,2025-12-06 23:05:37.633297,0.018985549393154555
3330270249,aHPenwYbJWjLzVGsZErlhIRtNofxmTMkqFOXQgdSCKpvuUyBcADi,True,2025-12-06 23:05:37.633374,0.25737174790737183
616725041,xdOVpTcQKMnBmrYjHItgXiWhfLlqCzEksaZuJGwSADFRUoevbPNy,False,2025-12-06 23:05:37.633451,0.45751832337683507
1998816425,VLxWakdYJgfvKemcEszCBqoHInySlNpbMQwjUrThZPAXFGORiDut,False,2025-12-06 23:05:37.633525,0.7128995779211772
918925926,ZMaCUJkjseurphcSiOBDYXgNnLtvQRbdWmxfAwPqTyGFHoVzKlIE,True,2025-12-06 23:05:37.633598,0.06671862077438062
771131671,IqxKpGCPjbBfNUacRTMSunEiOLglhHQzXWrtFsYyDowAmVkeZdvJ,False,2025-12-06 23:05:37.633675,0.3006052071412655
2842731162,mlYPiXFCVDjTgLaZxnRNbKQdtOrzwIocAvfuqEGMHWUehySkBJsp,True,2025-12-06 23:05:37.633868,0.2252828086973646
3290145457,NfrJQuahiHWgmKtojwlOUyAMxsbXYTPGZqecBdpDRLVISCEvnkzF,False,2025-12-06 23:05:37.634331,0.5222570633922169
1614585389,HAnEDIybqPBsroLhGKNzYFmZWgikRcafMltuweVOxvpjdJXTUQSC,True,2025-12-06 23:05:37.634444,0.8271094863584549
3269281574,HzNokmcKFYGEfLCuSpQJDdiRTVInZMsPxBtObXagWrAhvqywjUel,False,2025-12-06 23:05:37.634534,0.7010050704229777
498994427,vEasKzQWLUNcetyYMDHpqOCjlnFBrmRhISZkfAPboidgwGXuJTxV,True,2025-12-06 23:05:37.634618,0.7696048119491794
630916038,zECwjigcdSFyXaRHTvbBMphkmxAYulqsNtLPZIQKGrWOfoJVDenU,False,2025-12-06 23:05:37.634696,0.47952563129943293
437403651,qJvoaCTlQcfOVFxgSPIHrDyRLYBAGMwUpXndezsKmZkNWtbijuEh,False,2025-12-06 23:05:37.634785,0.2757241084405817
2311635031,uLnFifpKNtAwPvVBYMCXrgToxOekJUHSQIEdWjcbDszlZqhmGRay,True,2025-12-06 23:05:37.634882,0.12179268788208808
2438834138,XtyvgCudDeEnMcIhOVBPZTFRlmGziLfHabSWYAJNwoKsxjrqQpkU,True,2025-12-06 23:05:37.634966,0.9460889979807269
3053279506,XNctkbVwhyYQGBdaHzMCKeIOATiDPlFqmuxfvnLEjWosJSpZrRgU,False,2025-12-06 23:05:37.635043,0.757740226685739
91591937,olPbZUnNyWvQKVxjekOwdYpAaEhtLuRsHJMfGBzmCFcTgrXiSqDI,True,2025-12-06 23:05:37.635133,0.16625403820820406
3010364901,bWHfsITUDamGuhBVAKYqrJCxnlzoRQZOvPgjiywdeSEptXLNFcMk,False,2025-12-06 23:05:37.635231,0.6976687653570405
2660510465,NplHctEALdJXhvebDMrSnZiCITKgPxUyFOjoqWuGzmVYwaRkQsBf,True,2025-12-06 23:05:37.635332,0.9424102978710648
2111993648,ABzXSwrdFOcMvfWLRyKUlTuNinpCoPIVbkDJQaYHEtxjsghGmeZq,True,2025-12-06 23:05:37.635432,0.6321927894356346
1361899597,PnNepzgXdtMEuBvkIOowsSirVcxDGRbCafQLZTHKlyUJYWmjqFAh,True,2025-12-06 23:05:37.635526,0.8874073659708539
4068759222,ocYfUPxapTyzFhGbgqViXtjRwnvELslOIuMrZdBNKSCDAmWkHJeQ,True,2025-12-06 23:05:37.635620,0.44683424969627017
1125735164,mBjeRCgfHwspdPFAKhVuviraZbXJlnSEckQITGUzxoDWtMNyqLYO,False,2025-12-06 23:05:37.635714,0.4955567838648064
2676576596,YrqSdeftAVwDgvTsmuiOJjFHoIWUahQypEkbnBPzxGcMlXNRKCLZ,True,2025-12-06 23:05:37.635803,0.05984076893939927
3781027196,iaHVlevZumFdILwKhAUtCrPRDgNsjJbQBzqykMfconSxYEpWOGXT,True,2025-12-06 23:05:37.635902,0.9620531919336279
1765610606,fqhOyaeglVoFdSzHKACRcsujEPLZUwBMJXQTvkWmrNbGiYItpxDn,True,2025-12-06 23:05:37.636008,0.9699016012423578
351862244,GaVhJoIENMxLUFOifkCQpjrlcTXBDnKsWPHzmdyvuRAwtgYqbSZe,False,2025-12-06 23:05:37.636150,0.5279598662045496
2392303673,IdXsjObZkUHtRcfAWLhyKaEBYwGxFmNnTvqMJgrQeuDpVlSioCPz,False,2025-12-06 23:05:37.636261,0.03265017382790558
432142200,VdNzywTcsKLmOqFgEJeIWrUQxHkDiXMtoaSBbZhGfpPvlYuCRjnA,True,2025-12-06 23:05:37.636366,0.6974216977831229
3716143485,pLsqOIdzQVPWeJNiMlfcKCUkuHXnTEmZYhgRroAwjvaDxybtSGBF,True,2025-12-06 23:05:37.636467,0.6232891304388112
296136156,YaXHqePtSdsplWbONMfhKmoDxzyEucCLZgVivkFIwnQJUGTAjRBr,True,2025-12-06 23:05:37.636547,0.39315586034010175
1044392564,DjarucvgKFoTiUbYOEyGCMfhPkzdtVslJRLWNAqHxZXnBmSQwpeI,True,2025-12-06 23:05:37.636616,0.40737344227902206
3931246672,BvwqysgOklbDRfHcIZnutJGNzdhKCxUXSYWiePLoMmTraQVEjpAF,False,2025-12-06 23:05:37.636680,0.6856136237047906
2522331227,fjpLKxOSCZHXylPrqkRudYazQsnBIbVhWAFgetGJvicTNwoEDMUm,True,2025-12-06 23:05:37.636794,0.09353067095870038
176555679,uwqdWSXOPAvgDLIZeBfFhsGprCyEYmMkbxQitTnHRKoVjlcaNUJz,False,2025-12-06 23:05:37.636967,0.8876587319050977
1412741983,hbclyMtHXEqnSZTVPNJuQAxICofepRvrDwzYgjimKWLksBFUGOad,True,2025-12-06 23:05:37.637071,0.8029728123368234
3525187555,JcbKrauGWMeIXCdEVFSNqQvTmgBsjPHzZDlUoiRYAtLkwnfpyxhO,False,2025-12-06 23:05:37.637160,0.06261298178179164
1739363552,IWbYUlCuLOENXKoDHnSFytpeizvMBPxmjaRVGJrfQcThwqdskAZg,True,2025-12-06 23:05:37.637250,0.8908616411120668
2494231711,kzvNPGbMBLHQJimeSZCfTAyRdpxgaoVurKIjwhFqtlOWsUYnEXcD,False,2025-12-06 23:05:37.637338,0.5136793433467121
1597190941,oOUInLZDBlsVyqxpNRCiXmhrzEuSMvjGfdacgPtFQAbYWHwJTeKk,False,2025-12-06 23:05:37.637427,0.871852514512115
2150292114,ZmBCKWfYtizSLpEyVhxncqHrPQDgAavMFelXIbwsJROjoTkNGuUd,True,2025-12-06 23:05:37.637513,0.09036689983529522
3956625969,AgNVEHeCiBfojSWdkmRMYtQlFhXnqZaPzbyuJDOsGIvKLTpxUrcw,False,2025-12-06 23:05:37.637600,0.5906257065974396
3760948843,oAFzTjKxctmCEgVQHIXOGUMdfhurRlpeybSBYPkJZLsnwNiWqavD,False,2025-12-06 23:05:37.637688,0.647492827187239
1164433604,EhSaKVZYcvOlIpQJjRrPyANCqTmWuiFfwMUHbGgdBseDxoLktznX,False,2025-12-06 23:05:37.637785,0.9658299847216403
2013921630,AQZfFtwhrlWvmUjYIXgePMoOLbTcdBiVJnRyuSqkCGKxzpsEHNaD,False,2025-12-06 23:05:37.637876,0.21826362009673939
3467970423,McjrtYgBZkeuONJfRVWnEbloUpqKXTPsFAwSdLHzimhIGyCxDQav,True,2025-12-06 23:05:37.637966,0.17170936934949277
3140753883,foDpPKBReMgJQtOvajFTCGAuIlHSVdizymsNhqWLYrZcxbUnXwEk,True,2025-12-06 23:05:37.638052,0.7026489302215438
10507307,CTndoxVkyGUQhDlaXWPSNRiMFIvrmpcOKBJwgEbYuefAztjZHsqL,True,2025-12-06 23:05:37.638136,0.017464975423381324
1063632036,zCUusqFQWaPxRLpBkgblNZEtHcImDXrdjTnhMiSofOyvJKYwGVAe,True,2025-12-06 23:05:37.638221,0.12719632941715586
2227444077,BOANnmhsDQYquUEIMZypjHlrVJckKaifgbwvSPRXtTCGdWezoFLx,False,2025-12-06 23:05:37.638311,0.9320921171898428
872910588,rkhZFVjuTzXvpdalPDsJeHYKinRfgNOLcMAmCGqIEoWtQyBUSwbx,True,2025-12-06 23:05:37.638397,0.17301877393769505
4101993576,XwaTrxjgpyKoNukLhFdeDQcBtZRYmlAbivSfUWHVOsECGnqMzIPJ,True,2025-12-06 23:05:37.638505,0.9275209903968794
1959184537,puCGwrTlNZFoeySzdXbADEJkjcgYBRMQUqaKxWPLtOfniVhHsmIv,True,2025-12-06 23:05:37.638600,0.8356876712351518
2108243754,mgnLCjkvbihacsEwoxJGHtWPNDuQUqrZMSdBypFAVzTIYXOReflK,False,2025-12-06 23:05:37.638689,0.13414381924030916
1929604090,JTvyIBwOWGXScLAoNhfZizrjmqpQDVPYbFnsdHKEUxeRktlaguMC,True,2025-12-06 23:05:37.638775,0.31322785070069914
2689688887,dyFOMjTxswuanJcbUKmeDhRpIZXHzCiWkEgLrYBqoNVPGQAftvSl,False,2025-12-06 23:05:37.638861,0.2015894619614058
4162557964,WOULuAlmJpHKhVrcGFDCwzNiIyoaPTYstnqMxSkeZjREfbgdBQvX,True,2025-12-06 23:05:37.638947,0.6617502300427832
3389912027,BTqEZLFVXNacgvAJmrIoWszKwRnjGChlfxHUteQOkYiSyDPuMpbd,False,2025-12-06 23:05:37.639033,0.05592752105475696
3320745848,tSvDZFwRchGHqbyEImApzWdQBNrXnxMYPkJTifCegKVuaLOsUloj,False,2025-12-06 23:05:37.639116,0.6152720545678312
690271047,ubdWyvMiYwRQghNVCsekmSIAxqDacGHrTjtOXKzpUnZloBfFEJLP,True,2025-12-06 23:05:37.639200,0.9295542963366981
1034336698,jSqYhOfBtcwJTbvdrleMNQgRUmXLVkFyCZAzDaoHuKGxspinEPWI,False,2025-12-06 23:05:37.639285,0.6636111384449054
2925631346,CvqEezfdDsYQtWKJAlwcLruISNjhTmiUapZkXHgMVRnyGbxOFPBo,False,2025-12-06 23:05:37.639370,0.5592407457381516
1443311996,SNIsYtfnLAOMiJlBeaDUgCKojZmkXwdvybVQpRGrHWcThzuPxqFE,False,2025-12-06 23:05:37.639455,0.07022143023366789
3501617686,fekVRIiwxqmcyNdulhbPvSGMFHTojrpzBUDsLKaXAOYWZgntEQCJ,False,2025-12-06 23:05:37.639541,0.3553241999177368
548068145,zhPepdftyuJLAFiRUCSaxgswTMNqZbDcnXlIHYkjBoGErQvmKOWV,False,2025-12-06 23:05:37.639631,0.6361960521177213
177406988,HeptKozROAnyfShYuaMjXGDbwlLVUCqkQTvcrsIidNBJEgFPWZxm,True,2025-12-06 23:05:37.639715,0.3519274077261051
1781242958,VhQpNvFnglXbwaoySdHfPLBjzkCAcGEDxZqOKUYIiWrtMRmseuJT,True,2025-12-06 23:05:37.639799,0.3745260999126383
1253105277,ZaHoOnRiKjEMexLgBmFzIdNWvVqkhusAlDJryPSftXYQUGCcwpTb,False,2025-12-06 23:05:37.639882,0.8072540566325566
3076904659,tCsXaeMNIUzEPmYblTquWArwgkSvQZOJHcioDVyGjfKBpnhxFRdL,False,2025-12-06 23:05:37.639967,0.70201291520518
455774134,jhSaFTwIgyuCZDUOYefMAikJrxEXPcvQVsoWbtqKmdzLlBpHRnGN,False,2025-12-06 23:05:37.640049,0.7117216998502243
763185954,tSvkhpFTNombfwKViqEZGBCHzsagRcxJYlPrLMDOAXyeUQnjIduW,True,2025-12-06 23:05:37.640134,0.44280899405614693
4241562643,wAtOETHGjFbXleZosUxIzmJpWucaMdNnBRqrifKyYhLkPVDCQvSg,False,2025-12-06 23:05:37.640221,0.6559744770062954
615934858,JnykMTsIAgleaNDFvHSVhQXcoKCtOLjwiPZYdxfBquURGbEprmWz,False,2025-12-06 23:05:37.640309,0.2798779109256164
4243611239,IoapzyVFMEQCAtefjKXwZRuhbUdsxqWkLgNOTPvmHlcDSrJBGYin,False,2025-12-06 23:05:37.640395,0.4269143426915877
509336110,jEuwURzOfxFJIcNnWMSmtZaHCQbLKAVikosyPqpvTYXGrhdeDBlg,True,2025-12-06 23:05:37.641024,0.9184092915698472
3023401172,LSwQbrUctpHWFhsCBdYDIexOGjRNXzMmKViEJZuvqgyaAlfPkTno,False,2025-12-06 23:05:37.641143,0.6248114388408805
4038067359,RuqOsKhiJSFClVgwXHcYDeGnUEmWNbfxTIoQvaAkjpZdLMBzPryt,True,2025-12-06 23:05:37.641572,0.4069094703236118
384929888,oYzXmNeAShPyDJFvlTftdMQGcrRunUxLVgZbEBWHijOCaIskpqKw,True,2025-12-06 23:05:37.641639,0.8176556883617996
3043387326,OjZqRDzckMStKPvXgEfmWAGldsJNuYTeQBnVwpyFbhiUaCoxrHIL,True,2025-12-06 23:05:37.641716,0.11182298729458418
2442024509,wQZuGojpfDPerkdChsNzvMFbiRBtJLXEnKVygWSmHTAYOcUxaqlI,False,2025-12-06 23:05:37.641772,0.14057911907261378
4038955980,XDmzurjHQOhSqVRcTLlkWoCBIGxKEyNgwFMtbAdsZapJniPYvefU,False,2025-12-06 23:05:37.641826,0.04800499627767563
1365004515,SzQsOecLTdNGjVXokApFiHnbaYZxlfMCPyUmDwqKtWgIRhvJuEBr,True,2025-12-06 23:05:37.641875,0.7905986517418322
2396673126,jBSCsTuXDGiOqIWlHEmArYRaNhwgfLMpJVkeUdxPovQbzcnFKZty,True,2025-12-06 23:05:37.641923,0.954120927097034
3155020888,xDlNpAqjuhyOMmJIinFbvgTcCXzWLrfKUVaktZPHGsRdSoEQeYBw,False,2025-12-06 23:05:37.641987,0.5880465089672747
3548560854,ZOmThBYEkdVSuHtxwngDlUMLzrfbiKcJeIFWyvNGoAQaspRqXjCP,False,2025-12-06 23:05:37.643189,0.3635569284875203
3006220155,deNuzgHVyqamGSbDTPirRtMIBOsohAplnxEYJCfvFwUQZWKcXLjk,True,2025-12-06 23:05:37.643447,0.19398670163196807
2066058503,JFuldrjKRBEUsgkqOfWxVpYzMythITXDHiabCowZGQcLenmSvNPA,False,2025-12-06 23:05:37.643651,0.8062834702194838
577595864,luGUaIKPyCxTReQJNAVBZhngdHiFvckqDwEXfozMtbsrWYOjLpSm,True,2025-12-06 23:05:37.643991,0.15398072362973547
2708228900,waupLdPQWqASgilhryxfRbsEtNFnXojkHDOMcJzCmKeVZYBvUTIG,False,2025-12-06 23:05:37.644141,0.020841021716361707
404376350,XCqzIbKuJSmlDOFgGpwjWvxTYRaVocfQesiMUknyPhtABLNrdEZH,True,2025-12-06 23:05:37.644238,0.2495858678501327
2634399650,LCQulWFiBKIfbAamcOqwtUEXGdPeNnpTZhHokvjSMrVDJsyzgYRx,False,2025-12-06 23:05:37.644321,0.331990659883887
3293647912,DuYiWSNOxcqafGgZFbwlXMsRhToHEQPmyKLVrvdjnkptCJeUzABI,True,2025-12-06 23:05:37.644400,0.0075524855842976635
191750054,SndYFGVgvCBtNIwRPXoplyTjOWhqbkxumersHQADUEfzMJZacLiK,False,2025-12-06 23:05:37.644478,0.6782836148803276
3098909256,VFIqQxnjdkOBtfgXSohzKeREvTNwLWMsuUamiylYDGPCJcbHpZAr,False,2025-12-06 23:05:37.644555,0.350765802216666
4070627570,mlTxNfjFcXzRqZypuUhLaHWCobiMkgIPrdsnEvVOeDSwQBJGYtKA,False,2025-12-06 23:05:37.644633,0.4212346476008584
1714389031,pRidLGkTwsBqJXNFCVQmIzKZoctESubnaPWrHvAefUYyhxljMgOD,False,2025-12-06 23:05:37.644708,0.9859244646771911
2688740058,ngMtXOzRewNYoGHixmkAQCKquySsbVrFaJPhZlvdfWjTpLIUDBEc,True,2025-12-06 23:05:37.644782,0.16147336383568833
2315149602,qDoYeCEvWwVUQxfrnzSXHOyIcdibAZKFBlTRukaGgPJmMLpjtshN,False,2025-12-06 23:05:37.644855,0.9295406032626702
4097664384,AkDCQnpvRzlhSKMuxZsgHYowBUPteWITyJOajVcqNFLEfdbXmGir,False,2025-12-06 23:05:37.644928,0.8806776697062997
3531082739,rZNbwsAXGmputnFVchQWxJjaiHMKkoCfYDRITelzSgLydBqUEOPv,True,2025-12-06 23:05:37.644999,0.5300640807536343
1943394241,qnQBmdhWtcfIgKVxzyHpRPausLeZijJDSkTwEXbOGCAvlUrMYFNo,True,2025-12-06 23:05:37.645075,0.7302810813423604
2112797298,TynfXOYHVUgKZRzLblriIEGdMmeBsAukcvQJDoNCPqpajFhxwtSW,True,2025-12-06 23:05:37.645149,0.45061166083785675
254612732,LTlujrcSHhEzBdUyapDYnZJivwRxXQkqNWIVmsPCfbtAMFKOgGeo,False,2025-12-06 23:05:37.645224,0.49889192500392765
3329672294,uTOZeGwLoYxXqzDEsmfgBRplnSkPUCdIcKbrNFHMQhjVyWAvaitJ,True,2025-12-06 23:05:37.645298,0.3968098171292166
978837681,tAHzoapYNBKVgiSPdOEhUXTCLnIbsmwlfuRkZGFyjQvDecJrWMqx,False,2025-12-06 23:05:37.645371,0.028143330718793602
2891006535,klWRDZQgbKinujFVTYNGSrPOqUItzaxmdvwXshEyHecAJoBfpLCM,False,2025-12-06 23:05:37.645446,0.6103237205023126
3055256232,lMaSmYbQykhUpPRDWZJBcivgTGLuqXtVjzFrsCfIAOxdeNKwnHEo,True,2025-12-06 23:05:37.645604,0.05064871511729474
3184458608,NfWhpBmwPDrCoOiKYnXGdzRaLJTUlHVuvFEIsgbMekcqxSAZtyQj,False,2025-12-06 23:05:37.645697,0.26513732528577594
1470189780,sctKGCWPnjzFvVbJZLDUrhfNgqkeRlXyaxwAuBHSipOEdmYIMoQT,True,2025-12-06 23:05:37.645779,0.7959726607766533
1812523781,DkQNInORqsalKjuYgCfHeoJSybAmhtdGxBcvpwEMirXVLWPzFTUZ,True,2025-12-06 23:05:37.645862,0.27192231369058983
3275608517,kaoBWNlLdivzPsZfHxRnruytSKJhEbTVgIDjQcMYGemCXwUpOqAF,True,2025-12-06 23:05:37.645932,0.17114700766328617
2066636095,YWECqGkunFaMjxwoKyiUeRNDOJgLscTBpArtvSXhIzlmZfVHbPdQ,True,2025-12-06 23:05:37.645982,0.7357207865354839
4013896841,yJbeXzjgEsOZnquFCQxowhBHpVSDlKNYfIdPAkrciMvTaRtUmLGW,False,2025-12-06 23:05:37.646030,0.8513220578606949
1280957160,fSaAjCFDPwbEINJRoUMLlkcxiGdrTWzeqsyVnguHZBpQKvtYXOmh,False,2025-12-06 23:05:37.646084,0.9256360190869014
1450899752,txRiVvSDMIwnzgYKGPUksAdbCpfeJaTrBOEZyqQmXuhocWHLlFjN,False,2025-12-06 23:05:37.646136,0.3466049308718343
3598617009,SVqcTFbsetBowOfizILgDpAXZKdjvGENnJWRHxQYMrymCakUPluh,True,2025-12-06 23:05:37.646181,0.7080591867582429
4091065233,PyYVLBDvxoRAjzZkdKqawEsXpTUgHInuQCtcFhlOGefMWrSbNJim,True,2025-12-06 23:05:37.646229,0.3157984413741197
2049171650,ghwCKAVLxonRMyetkaUHfujcOXqDWJTbBSEGpNIsdiPYvQzrmlZF,False,2025-12-06 23:05:37.646276,0.8973660703281974
2882710845,kfvorsAmpiYyUHSXOFBTQPWRDIwCqaZcnGExzgJhldMKejubVLtN,True,2025-12-06 23:05:37.646320,0.035975242032155075
502068796,KuEokApJMsLWCUPjTVfQSqzIFvmyxGheblZXDNdiOYtRragcBnHw,True,2025-12-06 23:05:37.646364,0.9727761821305764
3705175064,BHjKnVXYkUmFMTOqEPuZaeyfAzSvilwpQbcDshRgJrGxLtoNdWCI,True,2025-12-06 23:05:37.646408,0.9009375752361365
2485385184,xpwGjHbDZfJTtyCriFdzBNuagMRXcVksPelmUIhOEKQoLSYnqAvW,False,2025-12-06 23:05:37.646452,0.219402733289071
2488148697,dzFMSWneCTUIylgZKkrQEscOqLtafmXvxGhVYPRBDwbujiNApoHJ,True,2025-12-06 23:05:37.646496,0.04486726697728238
646777954,XlMQtCVJbeFIvyrpPuRwsTaDZAgBxfiEmoqcdLzhjGkSNOnWYHKU,False,2025-12-06 23:05:37.646541,0.7231105385344683
144896952,TudeYzSgBhwFsPpqxoNaivmjIbXkyEHfnrKMJARLDZtUVQGlcCWO,False,2025-12-06 23:05:37.646587,0.7107643232369442
1310887291,IpfGxQiuahkPsowSemUXCbLvMgTOzJrKnZWFRBDdylAtcEqVYNjH,True,2025-12-06 23:05:37.646630,0.5938771394905306
1377031114,EhYoDraOvtcuNXGAWPQwJxyMHiIKkUjZRgqpbTelnBzVLFSCfdms,False,2025-12-06 23:05:37.646675,0.1481872835832312
1040709582,PMVltXAZgfvGYHcrjboQiuKEWzDphFaeBJNLUnsOmqdkywxCITRS,False,2025-12-06 23:05:37.646719,0.8891028407328733
3022320096,WgcIkwhrTPiypaAVMJNtjqlQOKBmEHCFfDLndobZXUYuvexSszRG,False,2025-12-06 23:05:37.646764,0.8290584502534092
2938830843,ohlrzDEPFWRqjvOVCJbXfuZUnexSHmQkYAKwLpyIsBTtNciaMGdg,True,2025-12-06 23:05:37.646809,0.5028560124706134
636941665,ODousLZCVygWiHnfdGrYPpAcFaRMbvTKmjqtkIQJleBzXxwhUNES,False,2025-12-06 23:05:37.646868,0.1922494171178224
3757657781,FGLXftMkuPzeECUbmpHgIsKAValxoiTyNOdrSjwYcJZQnqvDBWRh,False,2025-12-06 23:05:37.646917,0.9217416408437094
3611074589,obVSvuUGzTlqLEehtjFdKmQfXgPBipAINWsnaxCZkcJDRMHwOyrY,False,2025-12-06 23:05:37.646965,0.4296904187700338
1496782074,THLWUeMqwJVziyxmNdAGbhtCfQPuZrDFovBIpEasjKSlYOknXcgR,True,2025-12-06 23:05:37.647009,0.33189541352505825
2668016579,rRKiLTCBmOvFxVQbtSGnMfugzJDNHAXYjdlokcWIUpeasZEqwPhy,False,2025-12-06 23:05:37.647053,0.7633061065146082
3394597187,rkjGiFqoCXybHOYBwWscSQumeRJUIAxEaNPVTLZhpndvtlMDfgzK,True,2025-12-06 23:05:37.647097,0.885634545733997
3481228429,aXgsyFjUndAtchvEPwRGeDxWmbfpMLHoqJSiuzlrNVBQkYIOZKTC,False,2025-12-06 23:05:37.647141,0.5357751490491064
2661424562,pNvLQgYPlyFDwdEnsiIMztUXfmHAToxWKSeCOGjqhbRrcuBZaVJk,False,2025-12-06 23:05:37.647185,0.3143702840226844
1801076804,VwKuXznOoJMfIchTqljPbWGpYriFydBvxNsAtHUCEeaQgSLkDRmZ,True,2025-12-06 23:05:37.647229,0.5454975525412936
2231609762,QliVfJuWshryRMYkdAEveqCDSFNUtLIwjmnHBXzxbKgPGZaocOpT,True,2025-12-06 23:05:37.647272,0.4575450196875608
2539476086,aSxLwhYkONebnAUclMZKDytqGfXsodWRQVIjvHrJpgCTmPuEFBzi,True,2025-12-06 23:05:37.647318,0.9777975794159904
3786256496,jdWgBrZzhSlstobxypmIKQYFvCDRecHfaGiLOTJMNVXPqUnAkEwu,True,2025-12-06 23:05:37.647362,0.7333564464118535
3458740288,QZVfFlwATtDzsUaoNdvPRCnuixIWmGgcEpyOLKqrSekhMHbYBjXJ,True,2025-12-06 23:05:37.647407,0.514678336016546
4133886581,mBGvsHxbKoQFrPdEzIUktgcXLaCAljewDuTfVpJhSqMyiOZNRYnW,False,2025-12-06 23:05:37.647451,0.20436777481070167
2637598174,hgCbFHUlurWqTtkJfMBLQRSsAXmydNwOzjpKaPvInexEcVoGZYDi,True,2025-12-06 23:05:37.647495,0.624879290570338
3540797821,vVEeqWtmLbZKcpCgABifDzdQIaoUJFhOYlnjHysSrNTMxXGRkPuw,True,2025-12-06 23:05:37.647538,0.11732973160727378
3086438826,TKjBgdbpPkmiOxVsnYGEetUqcXLSDHZuNFQwWlyrCRAMJozfIvah,True,2025-12-06 23:05:37.647582,0.0722677792353087
2429319769,pysdLIwMJuHNclAYBmQqvkfWhOTKSetUzGXExojPigFbRZaCrVDn,False,2025-12-06 23:05:37.647626,0.6521792797457971
1072390974,CltwYrHFOgkoKEaQnVRSbzhUTWuPjJcsfxpeMDqGLIAyiXNdmBZv,False,2025-12-06 23:05:37.647676,0.2968056367985741
2288741415,wrPZsohRfugYBdSUMvTaIlAmQijcWDtkLExFVqnJOHpXGKbeCyNz,False,2025-12-06 23:05:37.647737,0.540261255100354
3427104135,zqNWIMQcSCrdKZxYJHFXhuLjowPByevEtbUmTlDiRafkOGspngVA,True,2025-12-06 23:05:37.647786,0.899012175384019
354374890,XUWLjliAMJTDCanHPtgdckKrZYvouxqSENeRyGfOBzwpmFhQVIbs,False,2025-12-06 23:05:37.647832,0.867208814632732
3313356775,YxHRbokwvVuntahfKlJDZNUOysFpPWgImjceqdMTLzSiGXCrQEBA,True,2025-12-06 23:05:37.647877,0.15319653656879895
1868535147,XIesvNcqldbRpHfKwWVUtyEnZarMCGuAjPzxTgDOkmFQoLYShBiJ,True,2025-12-06 23:05:37.647921,0.1327909280711711
398087556,eQKpFdtEGaSsqWjJARZzgXUlYimMOkDfoNVuBCcyPLwrTIhvbHxn,True,2025-12-06 23:05:37.647965,0.6921679967869664
